ubo@raymondhill.net;uBlock Origin,uMatrix
extensions@reasonlabs.com;Online Security
hello@bitwarden.com;Bitwarden – Bezplatný správce hesel and Bitwarden - Free Password Manager,Bitwarden Password Manager
developer@urban-vpn.com; Urban Shield, and Urban Ad blocker,Urban VPN Proxy, Urban Safe Browsing
adblock@adblockultimate.net;AdBlocker Ultimate
addons@bitdefender.com;Bitdefender TrafficLight for Firefox and TrafficLight,TrafficLight
info89@ultrasurf.us;UltraSurf Security,UltraSurf Security, Privacy & Unblock VPN, Privacy & Unblock VPN
chrome@nordvpnmedia.com;NordPass® Password Manager & Digital Vault,NordPass (desktop app version) and NordPass® Password Manager & Digital Vault
support@mywot.com;WOT: Website Security & Safety Checker
hello@guard.io;Guardio Protection for Chrome
updateadmins@virtru.com;Virtru Email Protection and Virtru for Drive,Virtru Email Protection
contact@1vpn.org;Free VPN - 1VPN,1VPN - Free VPN for Firefox and 1VPN - Best Free VPN for Chrome
vpn.chrome@dotvpn.com;DotVPN: Worldwide Access VPN for Chrome,DotVPN: Fast & Private VPN
support@mixesoft.com;Privacy Test and Click&Clean,Privacy Test
daovuonghria@gmail.com;VPN Unlimited - Best VPN by unblock,VPN Ultimate - Best VPN by unblock
support@anonymox.net;anonymoX
business@itopvpn.com;DualSafe Password Manager & Digital Vault
vpnmaster@inconnecting.com;VPN Proxy Master - free unblock VPN &security,Decentraleyes
mojtabadaneshi@gmail.com;Popup Blocker Ultimate and Script Blocker Ultimate (NoScript,Decentraleyes, Disable JS)
raul@typingdna.com;2FA Authenticator app,Decentraleyes
support@privateinternetaccess.com;Private Internet Access,Decentraleyes
support@saaspass.com;Decentraleyes,Free Password Manager & Authenticator & SSO
support@bytemonk.co;ByteMonk Agent Extension,Decentraleyes
pablo.cc1979@gmail.com; and GS Helper For Google Search Google Scholar, Browser VPN - Free and unlimited VPN proxy,Decentraleyes,iGoo Helper - Security Privacy Unblock VPN
pickeydotai@gmail.com;PicKey.ai - Visual Password Manager,Decentraleyes
support-2020@kee.pm;Kee - Password Manager,Decentraleyes
dl-bpchromeext1@nortonlifelock.com;Decentraleyes,Norton Password Manager
support@1clickvpn.net;1clickVPN - Secure and Free VPN and Free VPN for Chrome - VPN Proxy 1clickVPN,Decentraleyes
support@zenmate.com;Cookie Cleaner by ZenMate and Free VPN ZenMate-Best VPN for Chrome,Decentraleyes
_268f33@mcafee.com;McAfee® Web Boost,Decentraleyes
info@keepaware.com;Decentraleyes,Keep Aware
info@ninble.com;UltraBlock - Privacy Protection & Adblock,Decentraleyes
support@bullvpn.com;Decentraleyes,BullVPN - VPN Proxy Unlock Website & Security
hello@speeddial2.com;Decentraleyes,Speed Dial 2 New tab and Speed Dial New tab
garywill@gmx.com;LAN port scan forbidder,Decentraleyes
hello@workingvpn.com;Decentraleyes,WorkingVPN - The VPN that works
info@mindyourpass.com;MindYourPass and MindYourPass Password Firewall,Decentraleyes
contact@softwarejourney.net;Decentraleyes,Meta Random Search
bjorn@bjornstar.com;Intercept Redirect,Decentraleyes
contact@safetoopen.com;Decentraleyes,SafeToOpen Online Security
noell98tomasini@gmail.com;Stark VPN - Unlimited VPN Proxy,Decentraleyes
sebastian@privacytechlab.org;OptMeowt and Privacy Pioneer,Decentraleyes
support@franceverif.fr;Decentraleyes,FranceVerif
support@netcraft.com;Netcraft Extension,Decentraleyes
canhtuyetan9566@gmail.com;Decentraleyes,Safum free VPN
tlintspr@gmail.com;AutoFill Forms,Decentraleyes
developer@zoogvpn.com;Decentraleyes,ZoogVPN - Free VPN for Chrome & Proxy
chris@privacybee.com;Decentraleyes,Privacy Bee: Zero-Trust Secure Browsing
rutujrunwal001@gmail.com;RR Adblocker,Decentraleyes
noreply@nightmode.fm;Sprucemarks,Decentraleyes
harrysaoburt@gmail.com;Adblock - ad blocker for Chrome,Decentraleyes
fdvt.org@gmail.com;FDVT: Data Valuation Tool for Facebook™ Users,Decentraleyes
lyd.research@gmail.com;Disable WhatsApp Status: Privacy & Focus,Decentraleyes
djamolgroup@gmail.com;Genius PRO : Adblocker +Total Web Security and DJ NOScript,Decentraleyes
support@freevpnplanet.com;Free VPN Proxy & Ad Blocker - Planet VPN,Decentraleyes
leocompson@gmail.com; and Binary Split & Merge,Cookie Editor, Ping Blocker, Link Cleaner,Decentraleyes, Secure Hash Generator, Link Protector, Link Revealer
tygo@aispera.com;Decentraleyes,Criminal IP: AI-based Phishing Link Checker
support@keepsolid.com;Decentraleyes,VPN Unlimited Proxy - Best VPN browser extension, Passwarden by KeepSolid – Password Manager, and VPN Unlimited ® Proxy - Best VPN for Chrome
support@2fas.com;2FAS - Two factor authentication and 2FAS - Two Factor Authentication,Decentraleyes
support@pango.co;Decentraleyes,Touch VPN - Secure and unlimited VPN proxy
app@query.ai;Query Federated Search,Decentraleyes
belkavpn@gmail.com; Belka WebRTC: Предотвратить утечку IP,Decentraleyes,Belka WebRTC: Prevent IP leak, and BelkaVPN is VPN, Proxy to Unblock any sites
support@twelvemail.com;12VPX,Decentraleyes
chrome-publishing@withsecure.com;Decentraleyes,Browsing Protection by WithSecure
browser-extensions@expressvpn.com;Decentraleyes,ExpressVPN: VPN proxy for a better internet and ExpressVPN Keys: Password Manager
rynu.smith@gmail.com;Privacy Settings and Policy Control - JavaScript and Flash blocker,Decentraleyes
lenhatthanh20@gmail.com;CoderDocs Security,Decentraleyes
stop-it.be@hotmail.com;Stop-it,Decentraleyes
support@invt.tech;Decentraleyes,ProSe - Privacy Policy Analyzer
support@secure-exchanges.com;Decentraleyes,Secure Exchanges for Gmail
contact@gl.ventures;XFA: Securing your device,Decentraleyes
mechobba@gmail.com;PassGrinder,Decentraleyes
mario.delarossini@gmail.com;Decentraleyes,Red Panda Free VPN | Unlimited VPN
support@getfoxyproxy.org;FoxyProxy Standard, and GeoShift,Decentraleyes, Nuke Private Data, FoxyProxy Basic
ndevtk@protonmail.com;Decentraleyes,OriginMarker
hey@heylogin.com;Decentraleyes,heylogin - 1-click login
contact@trovenow.com;Decentraleyes,Save to Trove
vpnext@brightvpn.com;Bright VPN - Secure Private & Free VPN Proxy,Decentraleyes
contact@coinholmes.com;AegisWeb3,Decentraleyes
nokhbeh@utexas.edu;PrivacyCheck,Decentraleyes
getcyder@gmail.com;Cyder | Control Your Data & Earn Rewards,Decentraleyes
peterneeshamrt@gmail.com;Browser History +,Decentraleyes
enquiry@purevpn.com;Decentraleyes,PureVPN Proxy - Best VPN for Firefox and PureVPN Proxy - Best VPN for Chrome
7q65f3rn3@relay.firefox.com;Shade,Decentraleyes
contact@chipinfo.pro;Decentraleyes,UTM Eraser
company@getwebdefender.com;WebDefender: Antivirus & Privacy Protection,Decentraleyes
recital2451@gmail.com;EasyGood - Free Unlimited VPN Proxy,Decentraleyes
kimberlyijacksonu751@gmail.com;Decentraleyes,Snap VPN
support@protonmail.zendesk.com;Proton Pass, and Proton Pass: Free Password Manager,Decentraleyes, Proton VPN: a Swiss VPN you can trust
browser-extensions@avast.com; and WebTrails by Avast Labs, AVG Online Security,Decentraleyes,Avast Online Security & Privacy
chyer.webstore@yahoo.com;Link Virus Check - Security Plus and No-Script Suite Lite,Decentraleyes
nicolaseericksons88@gmail.com;Decentraleyes,Adblock for Youtube - ad blocker tool
support@puredome.com;PureDome Proxy - Best VPN for Chrome,Decentraleyes
devops@ironvest.com;Decentraleyes,IronVest
support@freemindtronic.com;Freemindtronic Extension and EviLock: autofill and auto login,Decentraleyes
hugolevet.pro@gmail.com;Decentraleyes,Disable cookies - disable pop up cookies
support@enigmasoftware.com;Decentraleyes,SpyHunter® Web Security
clyve@bluearca.com;Blue Arca Anti-Phishing Extension,Decentraleyes
info@safe-in-cloud.com;SafeInCloud Password Manager,Decentraleyes
developer@rajeevj.co.uk;Security Surf,Decentraleyes
chrome@cozycloud.cc;Cozy Pass,Decentraleyes
browsernative.apps@gmail.com;Incognito This Tab and Simple Privacy Settings,Decentraleyes
contact@andreidi.com;btPass: Secure password generator,Decentraleyes
dev@protegis.io;Global Privacy Control (GPC) Inspector,Decentraleyes
jan@dwrox.net;Flag Cookies,Decentraleyes
extensions@nordvpn.com;NordVPN - VPN Proxy for Privacy and Security,Decentraleyes
admin@fastaddons.com;Save my Password and Private Notes,Decentraleyes
robility.support@sutherlandglobal.com; and SentinelAI Shield,Decentraleyes, Sutherland Robility Connect,Sentinel.AI Shield Masking Tool
hello@windscribe.com;Windscribe - Free Proxy and Ad Blocker and Windscribe - Experimental MV3,Decentraleyes
jenniferemillera421@gmail.com;Decentraleyes,Blaze VPN
team@keepassxc.org;Decentraleyes,KeePassXC-Browser
support@ermes.company;Ermes Web-Care,Decentraleyes
support@pingproxies.com;Ping VPN - Free VPN Proxy with Ad Blocker,Decentraleyes
hovie.keller@gmail.com;NoEval - Disable Eval(),Decentraleyes
contact@oziku.tech;Clean Master Pro: Speedy Privacy & Cleanup,Decentraleyes
aura-extensions-cws@aura.com;Aura and Identity Guard,Decentraleyes
sweetp.productions.inc@gmail.com;Cookie Helper,Decentraleyes
benni.es@yahoo.com;Decentraleyes,Privacy Protector Plus
info@teampasswordmanager.com;Team Password Manager,Decentraleyes
admin@dark.florist;Decentraleyes,The Interceptor
itongerdickin@gmail.com;Decentraleyes,VPN Surf - Fast VPN by unblock
gainerallan5@gmail.com;Decentraleyes,Website Blocker - Block Sites & Stay Focused
geoffreydebelie@zoho.com;Neat URL and Erase Cookies Now,Decentraleyes
info@buttercup.pw;Decentraleyes,Buttercup
support@betternet.co;VPN Free - Betternet Unlimited VPN Proxy,Decentraleyes
contact@help.addy.io;Decentraleyes,addy.io (AnonAddy) - Anonymous Email Forwarding
konnorqa@gmail.com;Anti-Grabify,Decentraleyes
services@drive.perceptus.pl;Perc.Pass,Decentraleyes
elleuch.neil2@gmail.com;Squid VPN - Hotspot VPN & Private Browser and Privacia - Fast and Private Search Engine,Decentraleyes
fruiz500@gmail.com; SeeOnce Privacy, URSA Privacy, Page Cage,Decentraleyes,PassLok for Email, and FusionKey, PassLok Universal, PassLok Privacy
keyhub@topicus.nl;Topicus KeyHub,Decentraleyes
support@logmeonce.com;LogMeOnce,Decentraleyes
harsh.1722.patel@gmail.com;Decentraleyes,Privacify : Ultimate Privacy Guardian
rzam.support@desc.gov.ae;RZAM,Decentraleyes
gazin.mcc@gmail.com;Decentraleyes,Saved passwords
support@adzero.org;AdZero Adblocker,Decentraleyes
vedik.aws@gmail.com;Web3 Vigilance - Browser security,Decentraleyes
redcoolmedia@inbox.com;Encrypt Gmail and any email with CipherMail,Decentraleyes, Password manager PasswordHub, and Encrypt any email with CipherMail
info@cyclonis.com;Cyclonis Password Manager,Decentraleyes
nesatfit@gmail.com;JShelter
contact@vytal.io;Vytal - Spoof Timezone, Geolocation & Locale,Vytal - Spoof Timezone, Geolocation & Locale and Comet - Reddit Comments on YouTube & Webpages
feedback@xfox111.net;Password generator
emailmaskerff@ehello.maskmy.id;Email Masker
chrome@safehousetech.com;Safehouse PC/Mac (formerly Bodyguard),Safehouse VPN & Security
